,Parameters,Values
0,standardDeviation,0.0007380525051177836
1,expectation,-49.87124392388141
2,variance,0.3273698821020418
3,gamma,0.0009901769106485726
4,eta,5.9930771363703174e-05
5,xi,0.28957619047621397
6,expectation for V = 0,1682.8474378458259
7,lambda,-5292.846949279273
